{
  "train_loss": [
    0.6591183656737918,
    0.46125309807913645,
    0.4225195901734488,
    0.39845709928444456,
    0.4357690378313973,
    0.386935578925269,
    0.38965699750752675,
    0.3579948509023303,
    0.39993007410140263,
    0.3845456384477161,
    0.336590367768492,
    0.3429751967390378,
    0.3434949903970673,
    0.35019026909555706,
    0.328315475157329,
    0.32531788590408506,
    0.3180012596505029,
    0.3200222817914827
  ],
  "val_loss": [
    0.4894213592633605,
    0.5020949821919203,
    0.4818905813153833,
    0.546344272326678,
    0.5518319725524634,
    0.5070143048651516,
    0.5676138689741492,
    0.6938819533679634,
    0.6625577076338232,
    0.6910608110483736,
    0.873465402983129,
    0.675151085248217,
    0.5907927337102592,
    0.7221982722403482,
    0.6674584003631026,
    0.6921114446595311,
    0.7356446506455541,
    0.8004688561195508
  ]
}