{"hotspot":0.5280630589,"ohc_30m":0.1131143868,"surface_sst_anom":0.1083211526,"hp_depth":0.0891789496,"mld":0.0823838785,"mmm_sst":0.0789385661}