{
  "n_estimators": 400,
  "max_depth": 3,
  "learning_rate": 0.10591670304962801,
  "subsample": 0.6503421207709115,
  "colsample_bytree": 0.6905454799860433
}