{"dhw_at_T":0.2305785418,"dhw_delta_4w":0.1770787239,"dhw_lag_14d":0.1033142135,"dhw_lag_7d":0.0943790972,"dhw_delta_1w":0.085468404,"hotspot":0.0716100559,"surface_sst_anom":0.0555628277,"mmm_sst":0.0463147908,"mld":0.0411831811,"ohc_30m":0.0411044024,"hp_depth":0.0330187455,"dhw_lag_28d":0.0203869864}