{
  "n_estimators": 106,
  "max_depth": 4,
  "learning_rate": 0.012805931416827005,
  "subsample": 0.8601754129968096,
  "colsample_bytree": 0.6165386359148997
}