{"dhw_at_T":0.3273481429,"dhw_delta_4w":0.2118102014,"dhw_lag_7d":0.2049036771,"dhw_delta_1w":0.1099679694,"dhw_lag_14d":0.0995829254,"dhw_lag_28d":0.0463870913}