{
  "n_layers": 2,
  "hidden_dim": 128,
  "dropout": 0.3319788444645524,
  "lr": 0.0019592024255300974,
  "batch_size": 32
}