{
  "train_loss": [
    0.6743614503315517,
    0.4664325813452403,
    0.4507213603882563,
    0.45816980373291744,
    0.4442521802016667,
    0.4068891391867683,
    0.387782803603581,
    0.3532693939549582,
    0.35772943851493655,
    0.37100065322149367,
    0.36333399301483515,
    0.3735413132678895,
    0.35963354720955804,
    0.3767890752781005,
    0.4097808400789897,
    0.38159604299636113,
    0.33878799137615023,
    0.3257159732636951,
    0.3366975436607997
  ],
  "val_loss": [
    0.49779724702239037,
    0.532114177942276,
    0.5611386857926846,
    0.47102973982691765,
    0.6007119491696358,
    0.5280661508440971,
    0.6119224615395069,
    0.6535231061279774,
    0.7305318377912045,
    0.8273685351014137,
    0.675103060901165,
    0.8479829616844654,
    0.7665542811155319,
    0.8052317053079605,
    0.7789434716105461,
    0.8148625306785107,
    0.7843215353786945,
    0.8120613358914852,
    0.7374114654958248
  ]
}